Identification Number,First Name,Last Name,Email,Strand,Grade,Section
3001002345,James,Smith,james.smith123@gmail.com,ABM,11,A
3002003456,Emma,Johnson,emma.johnson456@yahoo.com,STEM,12,B
3003004567,Michael,Williams,michael.williams789@hotmail.com,HUMMS,11,C
3004005678,Olivia,Jones,olivia.jones234@outlook.com,GAS,12,D
3005006789,William,Brown,william.brown567@yahoo.com.ph,TVL,11,A
3006007890,Sophia,Davis,sophia.davis890@icloud.com,ABM,12,B
3007008901,Alexander,Miller,alexander.miller123@aol.com,STEM,11,C
3008009012,Isabella,Wilson,isabella.wilson456@gmail.com,HUMMS,12,D
3009010123,Ethan,Moore,ethan.moore789@yahoo.com.ph,GAS,11,A
3010011234,Charlotte,Taylor,charlotte.taylor012@outlook.com,TVL,12,B
3011012345,Liam,Anderson,liam.anderson345@hotmail.com,ABM,11,C
3012013456,Amelia,Thomas,amelia.thomas678@yahoo.com,STEM,12,D
3013014567,Benjamin,Jackson,benjamin.jackson901@yahoo.com.ph,HUMMS,11,A
3014015678,Mia,White,mia.white234@icloud.com,GAS,12,B
3015016789,Henry,Harris,henry.harris567@aol.com,TVL,11,C
3016017890,Ella,Martin,ella.martin890@gmail.com,ABM,12,D
3017018901,Jack,Thompson,jack.thompson123@yahoo.com,STEM,11,A
3018019012,Sophia,Garcia,sophia.garcia456@hotmail.com,HUMMS,12,B
3019010123,Jacob,Martinez,jacob.martinez789@yahoo.com.ph,GAS,11,C
3020011234,Ava,Robinson,ava.robinson012@outlook.com,TVL,12,D
3021012345,Noah,Clark,noah.clark567@gmail.com,ABM,11,A
3022013456,Lily,Lewis,lily.lewis890@yahoo.com,STEM,12,B
3023014567,Lucas,Lee,lucas.lee234@icloud.com,HUMMS,11,C
3024015678,Grace,Walker,grace.walker901@hotmail.com,GAS,12,D
3025016789,Logan,Hall,logan.hall456@yahoo.com.ph,TVL,11,A
3026017890,Emma,Allen,emma.allen789@outlook.com,ABM,12,B
3027018901,Carter,Young,carter.young012@aol.com,STEM,11,C
3028019012,Madison,Wright,madison.wright345@gmail.com,HUMMS,12,D
3029010123,Aiden,Hill,aiden.hill678@yahoo.com.ph,GAS,11,A
3030011234,Avery,Adams,avery.adams901@icloud.com,TVL,12,B
3031012345,Scarlett,Baker,scarlett.baker234@hotmail.com,ABM,11,C
3032013456,Wyatt,King,wyatt.king567@yahoo.com,STEM,12,D
3033014567,Hannah,Scott,hannah.scott890@yahoo.com.ph,HUMMS,11,A
3034015678,Evelyn,Wright,evelyn.wright123@gmail.com,GAS,12,B
3035016789,Jack,Allen,jack.allen456@yahoo.com,TVL,11,C
3036017890,William,Scott,william.scott789@outlook.com,ABM,12,D
3037018901,Victoria,Green,victoria.green012@aol.com,STEM,11,A
3038019012,Luke,Baker,luke.baker345@hotmail.com,HUMMS,12,B
3039010123,Zoey,Carter,zoey.carter678@yahoo.com.ph,GAS,11,C
3040011234,Nathan,Morris,nathan.morris901@icloud.com,TVL,12,D
3041012345,Audrey,Roberts,audrey.roberts234@gmail.com,ABM,11,A
3042013456,Ryan,Hill,ryan.hill567@yahoo.com,STEM,12,B
3043014567,Sarah,King,sarah.king890@hotmail.com,HUMMS,11,C
3044015678,Jackson,Young,jackson.young123@yahoo.com.ph,GAS,12,D
3045016789,Madelyn,Wright,madelyn.wright456@icloud.com,TVL,11,A
3046017890,Christopher,Lee,christopher.lee789@outlook.com,ABM,12,B
3047018901,Levi,Wright,levi.wright012@aol.com,STEM,11,C
3048019012,Hazel,Lewis,hazel.lewis345@gmail.com,HUMMS,12,D
3049010123,Brooklyn,Baker,brooklyn.baker678@yahoo.com.ph,GAS,11,A
3050011234,Henry,Morris,henry.morris901@yahoo.com,TVL,12,B
3051012345,Elizabeth,Roberts,elizabeth.roberts234@hotmail.com,ABM,11,C
3052013456,Eli,Hill,eli.hill567@yahoo.com,STEM,12,D
3053014567,Paisley,King,paisley.king890@icloud.com,HUMMS,11,A
3054015678,Aaron,Young,aaron.young123@yahoo.com.ph,GAS,12,B
3055016789,Lydia,Wright,lydia.wright456@gmail.com,TVL,11,C
3056017890,Landon,Lee,landon.lee789@outlook.com,ABM,12,D
3057018901,Nora,Wright,nora.wright012@aol.com,STEM,11,A
3058019012,Eleanor,Lewis,eleanor.lewis345@hotmail.com,HUMMS,12,B
3059010123,Eli,Baker,eli.baker678@yahoo.com.ph,GAS,11,C
3060011234,Caroline,Morris,caroline.morris901@icloud.com,TVL,12,D
3061012345,Joseph,Roberts,joseph.roberts234@gmail.com,ABM,11,A
3062013456,Emilia,Hill,emilia.hill567@yahoo.com,STEM,12,B
3063014567,Bentley,King,bentley.king890@hotmail.com,HUMMS,11,C
3064015678,Luna,Young,luna.young123@yahoo.com.ph,GAS,12,D
3065016789,Everly,Wright,everly.wright456@icloud.com,TVL,11,A
3066017890,Max,Lee,max.lee789@outlook.com,ABM,12,B
3067018901,Axel,Wright,axel.wright012@aol.com,STEM,11,C
3068019012,Violet,Lewis,violet.lewis345@gmail.com,HUMMS,12,D
3069010123,Adeline,Baker,adeline.baker678@yahoo.com.ph,GAS,11,A
3070011234,Jayden,Morris,jayden.morris901@icloud.com,TVL,12,B
3071012345,Mila,Roberts,mila.roberts234@hotmail.com,ABM,11,C
3072013456,Silas,Hill,silas.hill567@yahoo.com,STEM,12,D
3073014567,Ellie,King,ellie.king890@icloud.com,HUMMS,11,A
3074015678,Rhett,Young,rhett.young123@yahoo.com.ph,GAS,12,B
3075016789,Molly,Wright,molly.wright456@gmail.com,TVL,11,C
3076017890,Zane,Lee,zane.lee789@outlook.com,ABM,12,D
3077018901,Alexis,Wright,alexis.wright012@aol.com,STEM,11,A
3078019012,Daniel,Lewis,daniel.lewis345@hotmail.com,HUMMS,12,B
3079010123,Camila,Baker,camila.baker678@yahoo.com.ph,GAS,11,C
3080011234,Cole,Morris,cole.morris901@icloud.com,TVL,12,D
3081012345,Willow,Roberts,willow.roberts234@gmail.com,ABM,11,A
3082013456,Liam,Hill,liam.hill567@yahoo.com,STEM,12,B
3083014567,Aubrey,King,aubrey.king890@hotmail.com,HUMMS,11,C
3084015678,Brayden,Young,brayden.young123@yahoo.com.ph,GAS,12,D
3085016789,Hudson,Wright,hudson.wright456@icloud.com,TVL,11,A
3086017890,Piper,Lee,piper.lee789@outlook.com,ABM,12,B
3087018901,Adrian,Wright,adrian.wright012@aol.com,STEM,11,C
3088019012,Lily,Lewis,lily.lewis345@gmail.com,HUMMS,12,D
3089010123,Max,Baker,max.baker678@yahoo.com.ph,GAS,11,A
3090011234,Eliana,Morris,eliana.morris901@icloud.com,TVL,12,B
3091012345,Zachary,Roberts,zachary.roberts234@hotmail.com,ABM,11,C
3092013456,Annabelle,Hill,annabelle.hill567@yahoo.com,STEM,12,D
3093014567,Easton,King,easton.king890@icloud.com,HUMMS,11,A
3094015678,Ariana,Young,ariana.young123@yahoo.com.ph,GAS,12,B
3095016789,Elias,Wright,elias.wright456@gmail.com,TVL,11,C
3096017890,Makayla,Lee,makayla.lee789@outlook.com,ABM,12,D
3097018901,Brody,Wright,brody.wright012@aol.com,STEM,11,A
3098019012,Natalie,Lewis,natalie.lewis345@hotmail.com,HUMMS,12,B
3099010123,Levi,Baker,levi.baker678@yahoo.com.ph,GAS,11,C
3100011234,Athena,Morris,athena.morris901@icloud.com,TVL,12,D
3101012345,Dominic,Roberts,dominic.roberts234@gmail.com,ABM,11,A
3102013456,Ariel,Hill,ariel.hill567@yahoo.com,STEM,12,B
3103014567,Alexa,King,alexa.king890@hotmail.com,HUMMS,11,C
3104015678,Gavin,Young,gavin.young123@yahoo.com.ph,GAS,12,D
3105016789,Melanie,Wright,melanie.wright456@icloud.com,TVL,11,A
3106017890,Maxwell,Lee,maxwell.lee789@outlook.com,ABM,12,B
3107018901,Lydia,Wright,lydia.wright012@aol.com,STEM,11,C
3108019012,Elijah,Lewis,elijah.lewis345@gmail.com,HUMMS,12,D
3109010123,Elise,Baker,elise.baker678@yahoo.com.ph,GAS,11,A
3110011234,Carter,Morris,carter.morris901@icloud.com,TVL,12,B
3111012345,Liliana,Roberts,liliana.roberts234@hotmail.com,ABM,11,C
3112013456,Josiah,Hill,josiah.hill567@yahoo.com,STEM,12,D
3113014567,Violet,King,violet.king890@icloud.com,HUMMS,11,A
3114015678,Tristan,Young,tristan.young123@yahoo.com.ph,GAS,12,B
3115016789,Alexis,Wright,alexis.wright456@gmail.com,TVL,11,C
3116017890,Bryce,Lee,bryce.lee789@outlook.com,ABM,12,D
3117018901,Eva,Wright,eva.wright012@aol.com,STEM,11,A
3118019012,Xavier,Lewis,xavier.lewis345@hotmail.com,HUMMS,12,B
3119010123,Giselle,Baker,giselle.baker678@yahoo.com.ph,GAS,11,C
3120011234,Ezra,Morris,ezra.morris901@icloud.com,TVL,12,D
3121012345,Elena,Roberts,elena.roberts234@gmail.com,ABM,11,A
3122013456,Leah,Hill,leah.hill567@yahoo.com,STEM,12,B
3123014567,Parker,King,parker.king890@hotmail.com,HUMMS,11,C
3124015678,Skylar,Young,skylar.young123@yahoo.com.ph,GAS,12,D
3125016789,Adalyn,Wright,adalyn.wright456@icloud.com,TVL,11,A
3126017890,Colton,Lee,colton.lee789@outlook.com,ABM,12,B
3127018901,Penelope,Wright,penelope.wright012@aol.com,STEM,11,C
3128019012,Kingston,Lewis,kingston.lewis345@gmail.com,HUMMS,12,D
3129010123,Savannah,Baker,savannah.baker678@yahoo.com.ph,GAS,11,A
3130011234,Roman,Morris,roman.morris901@icloud.com,TVL,12,B
3131012345,Nova,Roberts,nova.roberts234@hotmail.com,ABM,11,C
3132013456,Ruby,Hill,ruby.hill567@yahoo.com,STEM,12,D
3133014567,Everett,King,everett.king890@icloud.com,HUMMS,11,A
3134015678,Ivy,Young,ivy.young123@yahoo.com.ph,GAS,12,B
3135016789,Harrison,Wright,harrison.wright456@icloud.com,TVL,11,C
3136017890,Emery,Lee,emery.lee789@outlook.com,ABM,12,D
3137018901,Clara,Wright,clara.wright012@aol.com,STEM,11,A
3138019012,Bentley,Lewis,bentley.lewis345@hotmail.com,HUMMS,12,B
3139010123,Charlie,Baker,charlie.baker678@yahoo.com.ph,GAS,11,C
3140011234,Jaxon,Morris,jaxon.morris901@icloud.com,TVL,12,D
3141012345,Fiona,Roberts,fiona.roberts234@gmail.com,ABM,11,A
3142013456,Maverick,Hill,maverick.hill567@yahoo.com,STEM,12,B
3143014567,Sienna,King,sienna.king890@hotmail.com,HUMMS,11,C
3144015678,Connor,Young,connor.young123@yahoo.com.ph,GAS,12,D
3145016789,Lucy,Wright,lucy.wright456@icloud.com,TVL,11,A
3146017890,Axel,Lee,axel.lee789@outlook.com,ABM,12,B
3147018901,Gabriel,Wright,gabriel.wright012@aol.com,STEM,11,C
3148019012,Hailey,Lewis,hailey.lewis345@gmail.com,HUMMS,12,D
3149010123,Ezekiel,Baker,ezekiel.baker678@yahoo.com.ph,GAS,11,A
3150011234,Luna,Morris,luna.morris901@icloud.com,TVL,12,B
3151012345,Miles,Roberts,miles.roberts234@hotmail.com,ABM,11,C
3152013456,Harper,Hill,harper.hill567@yahoo.com,STEM,12,D
3153014567,Daniel,King,daniel.king890@icloud.com,HUMMS,11,A
3154015678,Sarah,Young,sarah.young123@yahoo.com.ph,GAS,12,B
3155016789,Austin,Wright,austin.wright456@gmail.com,TVL,11,C
3156017890,Aria,Lee,aria.lee789@outlook.com,ABM,12,D
3157018901,John,Wright,john.wright012@aol.com,STEM,11,A
3158019012,Sadie,Lewis,sadie.lewis345@hotmail.com,HUMMS,12,B
3159010123,Nolan,Baker,nolan.baker678@yahoo.com.ph,GAS,11,C
3160011234,Hazel,Morris,hazel.morris901@icloud.com,TVL,12,D
3161012345,Anna,Roberts,anna.roberts234@gmail.com,ABM,11,A
3162013456,Evan,Hill,evan.hill567@yahoo.com,STEM,12,B
3163014567,Kylie,King,kylie.king890@hotmail.com,HUMMS,11,C
3164015678,Owen,Young,owen.young123@yahoo.com.ph,GAS,12,D
3165016789,Stella,Wright,stella.wright456@icloud.com,TVL,11,A
3166017890,David,Lee,david.lee789@outlook.com,ABM,12,B
3167018901,Leah,Wright,leah.wright012@aol.com,STEM,11,C
3168019012,Tyler,Lewis,tyler.lewis345@gmail.com,HUMMS,12,D
3169010123,Juliana,Baker,juliana.baker678@yahoo.com.ph,GAS,11,A
3170011234,Zander,Morris,zander.morris901@icloud.com,TVL,12,B
3171012345,Liam,Roberts,liam.roberts234@hotmail.com,ABM,11,C
3172013456,Isabella,Hill,isabella.hill567@yahoo.com,STEM,12,D
3173014567,Zoe,King,zoe.king890@icloud.com,HUMMS,11,A
3174015678,Xavier,Young,xavier.young123@yahoo.com.ph,GAS,12,B
3175016789,Aurora,Wright,aurora.wright456@icloud.com,TVL,11,C
3176017890,Christian,Lee,christian.lee789@outlook.com,ABM,12,D
3177018901,Delilah,Wright,delilah.wright012@aol.com,STEM,11,A
3178019012,Cole,Lewis,cole.lewis345@hotmail.com,HUMMS,12,B
3179010123,Adalynn,Baker,adalynn.baker678@yahoo.com.ph,GAS,11,C
3180011234,Luke,Morris,luke.morris901@icloud.com,TVL,12,D
3181012345,Vivian,Roberts,vivian.roberts234@gmail.com,ABM,11,A
3182013456,Caleb,Hill,caleb.hill567@yahoo.com,STEM,12,B
3183014567,Lucas,King,lucas.king890@hotmail.com,HUMMS,11,C
3184015678,Layla,Young,layla.young123@yahoo.com.ph,GAS,12,D
3185016789,Gabriel,Wright,gabriel.wright456@icloud.com,TVL,11,A
3186017890,Maya,Lee,maya.lee789@outlook.com,ABM,12,B
3187018901,Bryson,Wright,bryson.wright012@aol.com,STEM,11,C
3188019012,Madeline,Lewis,madeline.lewis345@gmail.com,HUMMS,12,D
3189010123,Jaxon,Baker,jaxon.baker678@yahoo.com.ph,GAS,11,A
3190011234,Mila,Morris,mila.morris901@icloud.com,TVL,12,B
3191012345,Nathan,Roberts,nathan.roberts234@hotmail.com,ABM,11,C
3192013456,Levi,Hill,levi.hill567@yahoo.com,STEM,12,D
3193014567,Kinsley,King,kinsley.king890@icloud.com,HUMMS,11,A
3194015678,Sawyer,Young,sawyer.young123@yahoo.com.ph,GAS,12,B
3195016789,Mackenzie,Wright,mackenzie.wright456@icloud.com,TVL,11,C
3196017890,Aaron,Lee,aaron.lee789@outlook.com,ABM,12,D
3197018901,Charlie,Wright,charlie.wright012@aol.com,STEM,11,A
3198019012,Hannah,Lewis,hannah.lewis345@hotmail.com,HUMMS,12,B
3199010123,Raelynn,Baker,raelynn.baker678@yahoo.com.ph,GAS,11,C
3199023456,Liam,Cooper,liam.cooper123@gmail.com,TVL,12,A
